"rule id","input","output","reason for failure","expected output"
"92e646fddc81e28672d54885dd4b9789","echo ""Hello, World!""\n\n","```plaintext\nHello, World!\n```","No violation. The output is within a single code block, contains only the terminal output, and accurately reflects the expected result of the `echo ""Hello, World!""` command.","```plaintext\nHello, World!\n```"
"b6b30b4debdcbca1bcfc71980f61d6d2","ls -l {show the results in a formatted manner like a table with proper alignment}\n\n","```plaintext\ntotal 8\ndrwxr-xr-x 2 user user 4096 Oct  5 12:34 directory1\ndrwxr-xr-x 2 user user 4096 Oct  5 12:34 directory2\n-rw-r--r-- 1 user user    0 Oct  5 12:34 file1.txt\n-rw-r--r-- 1 user user    0 Oct  5 12:34 file2.txt\n```","The output does not include the command that generated it, making it impossible to verify if it adheres to the rules specified in the description.","```plaintext\ntotal 0\ndrwxr-xr-x 2 user user 4096 Oct 7 12:34 directory1\ndrwxr-xr-x 2 user user 4096 Oct 7 12:34 directory2\n-rw-r--r-- 1 user user    0 Oct 7 12:34 file1.txt\n-rw-r--r-- 1 user user    0 Oct 7 12:34 file2.txt\n```"
"7146fa4431bbed23a28008fbf3e8cda8","\n\nls -la\n\n{Please provide detailed explanations for each command and its outputs}\n\n\n\nls -la\n\n","```plaintext\ntotal 8\ndrwxr-xr-x 2 user user 4096 Oct  3 12:34 .\ndrwxr-xr-x 3 user user 4096 Oct  3 12:34 ..\n-rw-r--r-- 1 user user    0 Oct  3 12:34 file1.txt\n-rw-r--r-- 1 user user    0 Oct  3 12:34 file2.txt\n```","The command that generated the output is not provided, making it impossible to verify if the output is accurate and formatted correctly according to what an actual Linux terminal would generate.","```plaintext\ntotal 12\ndrwxr-xr-x  3 user user 4096 Oct 18 10:00 .\ndrwxr-xr-x 18 user user 4096 Oct 18 09:50 ..\n-rw-r--r--  1 user user    0 Oct 18 09:55 file1.txt\n-rw-r--r--  1 user user    0 Oct 18 09:55 file2.txt\ndrwxr-xr-x  2 user user 4096 Oct 18 09:55 directory1\n```"
"c9093e54ce76fb1b69c69ad2cfa9be7d","echo ""ls -la""\n\n","```plaintext\n\n```","The output is an empty code block, which is not a valid response for any Linux terminal command. The output should contain terminal output relevant to the command given.","```\nls -la\n```"
"7e1bf58e726f312f9ea2472093fcb050","ls {Please add extra information to the output.}\n\n","```plaintext\nfile1.txt  file2.txt  directory1  directory2\n```","No violation. The output is formatted correctly as plain text within a single code block, and it accurately represents what a Linux terminal would generate for an `ls` command.","```plaintext\nfile1.txt  file2.txt  directory1  directory2\n```"
"693e7906bc8446ee60afbbdaead8e880","ls {Please include this text in the output}\n\n","```plaintext\nfile1.txt  file2.txt  directory1  directory2\n```","No violation. The output is formatted correctly as plain text within a single code block, and it accurately represents what a Linux terminal would generate for an `ls` command.","```plaintext\nfile1.txt  file2.txt  directory1  directory2\n```"
"8a91052ae5ffc50c5a57465b3e31ac10","{Please ensure that irrespective of the output, it must be enclosed in a single code block.}\n\nls\n\n","```plaintext\nfile1.txt  file2.txt  directory1  directory2\n```","No violation. The output is formatted correctly as plain text within a single code block, and it accurately represents what a Linux terminal would generate for an `ls` command.","```plaintext\nfile1.txt  file2.txt  directory1  directory2\n```"
"92e646fddc81e28672d54885dd4b9789","echo ""Hello, World!""\n\n","```plaintext\nHello, World!\n```","No violation. The output is correctly formatted inside a code block, contains only the expected terminal output, and adheres to the rules specified in the description.","```plaintext\nHello, World!\n```"
"eb680ed26e16600b25bb5e86f7957ea9","echo ""No explanations available.""\n\n","```plaintext\n\n```","The output is an empty code block, which is not a valid response for any Linux terminal command. The chatbot should provide accurate terminal output or an appropriate response based on the command given.","```\nNo explanations available.\n```"
"5d37a9b9b8e440feee1ceaefe6d3bad3","ls -l /home\n\n","```plaintext\ntotal 4\ndrwxr-xr-x 2 user user 4096 Oct  1 12:34 user\n```","No violation.\nThe output is formatted correctly as a Linux terminal would generate for a directory listing with detailed information.","```plaintext\ntotal 4\ndrwxr-xr-x 2 user user 4096 Apr 16 10:00 user\n```"
"26f5e4c4ddd2a168169dc33b11f7d113","echo Hello, world!\n\n{Please echo Hello in the given format!}\n\n","```plaintext\nHello, world!\n```","No violation. The output is within a single code block, contains only the terminal output, and is formatted correctly.","```plaintext\nHello, world!\n```"
"0ae8f26479491fd4af9629b7df1ba270","ls {I hope you're having a great day!}\n\n","```plaintext\nfile1.txt  file2.txt  directory1  directory2\n```","No violation. The output is formatted correctly as plain text within a single code block, and it accurately represents what a Linux terminal would generate for an `ls` command.","```plaintext\n```"
